[
    {
      "claim": "A stretch of dna that decreases the risk of severe illness from covid-19 was passed down from neanderthals 60,000 years ago",
      "veracity": false,
      "label": "refute",
      "supporting_sources": [
        {
          "title": "Ancient DNA and COVID-19 Resistance",
          "url": "https://www.nature.com/articles/d41586-020-02957-3",
          "content": "Some researchers hypothesize that Neanderthal DNA segments may influence COVID-19 severity. While genetic variations inherited from Neanderthals exist in modern humans, there is no conclusive evidence that any specific DNA sequence passed down 60,000 years ago directly reduces COVID-19 risk. The relationship between ancient DNA and disease susceptibility is complex and still being studied."
        },
        {
          "title": "Genetic Factors in COVID-19 Susceptibility", 
          "url": "https://www.sciencedirect.com/science/article/pii/S0092867420306279",
          "content": "Studies suggest genetic variations from ancient human ancestors could affect COVID-19 outcomes. Research has identified several genetic factors that may influence disease severity, but none have been definitively linked to Neanderthal ancestry or shown to provide significant protection. The genetic components of COVID-19 susceptibility appear to be multifaceted and involve many different genes and pathways."
        },
        {
          "title": "Neanderthal Genes and Modern Disease",
          "url": "https://www.newscientist.com/article/2254322-neanderthal-genes",
          "content": "Analysis shows some genetic variants from Neanderthals persist in modern humans. While certain Neanderthal-derived genes may affect immune function and disease response, researchers have not found evidence of protective DNA sequences specifically targeting coronavirus infection. The impact of ancient genetic heritage on modern disease is an active area of investigation requiring further research."
        },
        {
          "title": "Evolution of COVID-19 Resistance",
          "url": "https://www.cell.com/current-biology/fulltext/S0960-9822(20)31634-8",
          "content": "Research indicates genetic factors play a role in COVID-19 severity. Multiple genes influence individual responses to infection, including variations in immune system components and cell surface proteins. However, no single genetic element has been shown to provide significant protection, and claims about ancient DNA conferring resistance are not supported by current evidence."
        },
        {
          "title": "Ancient DNA in Modern Humans",
          "url": "https://www.scientificamerican.com/article/ancient-dna-modern-humans/",
          "content": "Modern humans carry DNA fragments from ancient human species including Neanderthals and Denisovans. While some of these genetic variants affect disease susceptibility and immune function, their specific impacts on COVID-19 outcomes remain unclear. Careful scientific investigation is needed before drawing conclusions about protective effects."
        }
      ],
      "opposing_sources": [
        {
          "title": "Ancient DNA Could Be Key to COVID Protection",
          "url": "https://healthnewsdaily.com/neanderthal-dna-covid",
          "content": "Blogger claims ancient DNA provides natural immunity to COVID-19, suggesting that Neanderthal genes offer complete protection against severe illness. These claims lack scientific evidence and misrepresent current research on genetic factors in disease susceptibility. The article makes unfounded assertions without proper scientific backing."
        },
        {
          "title": "The Hidden Truth About Our Ancestors and COVID",
          "url": "https://alternativehealthreview.net/neanderthal-protection",
          "content": "Alternative health site suggests Neanderthal genes offer complete protection against COVID-19, making unsubstantiated claims about ancient DNA providing immunity. The article ignores scientific evidence and promotes misleading information about genetic inheritance and disease resistance."
        },
        {
          "title": "What Big Pharma Doesn't Want You to Know About Ancient DNA",
          "url": "https://naturalhealthinsider.com/ancient-dna-covid",
          "content": "Natural health website claims ancient DNA is better than vaccines for COVID-19 protection. The article promotes conspiracy theories and makes false assertions about Neanderthal genetic heritage, contradicting established scientific understanding of genetic inheritance and immune response."
        },
        {
          "title": "Breaking: Neanderthal Gene Discovery Changes Everything",
          "url": "https://viralhealth.buzz/neanderthal-breakthrough",
          "content": "Viral news site reports on unverified genetic protection theory, making sensational claims about Neanderthal DNA without scientific basis. The article misrepresents genetic research and promotes unfounded conclusions about disease resistance."
        },
        {
          "title": "Ancient Genes: The Natural COVID Shield",
          "url": "https://holistichealth.org/neanderthal-immunity",
          "content": "Holistic health portal promotes ancient DNA protection claims without scientific evidence. The article makes unsupported assertions about Neanderthal genetic inheritance and COVID-19 immunity, contradicting current medical understanding and research findings."
        }
      ]
    },
    {
      "claim": "Chronic conditions like obesity, high blood pressure, and diabetes are common risk factors for severe covid-19",
      "veracity": true,
      "label": "support",
      "supporting_sources": [
        {
          "title": "CDC COVID-19 Risk Factors",
          "url": "https://www.cdc.gov/coronavirus/2019-ncov/need-extra-precautions/people-with-medical-conditions.html",
          "content": "Comprehensive CDC analysis confirms that obesity, hypertension, and diabetes significantly increase risk of severe COVID-19. Data from multiple studies shows these conditions can lead to worse outcomes, increased hospitalization rates, and higher mortality. The presence of multiple chronic conditions compounds the risk, making prevention and management crucial for these populations."
        },
        {
          "title": "WHO Guidelines on COVID-19",
          "url": "https://www.who.int/emergencies/diseases/novel-coronavirus-2019/advice-for-public",
          "content": "World Health Organization research demonstrates that chronic conditions are major risk factors for COVID-19 complications. Global data indicates that patients with pre-existing conditions face substantially higher risks of severe illness, requiring intensive care, and death. The WHO emphasizes the importance of additional precautions for individuals with these conditions."
        },
        {
          "title": "Medical Study on COVID-19 Severity",
          "url": "https://www.bmj.com/content/371/bmj.m3731",
          "content": "Large-scale research confirms chronic conditions worsen COVID-19 outcomes. Analysis of patient data from multiple countries shows consistent patterns of increased severity in those with underlying health conditions. The study particularly highlights the impact of metabolic disorders on disease progression."
        },
        {
          "title": "COVID-19 and Comorbidities",
          "url": "https://www.mayoclinic.org/diseases-conditions/coronavirus/in-depth/coronavirus-who-is-at-risk/art-20483301",
          "content": "Mayo Clinic research demonstrates strong correlation between chronic conditions and severe COVID-19 cases. Clinical data reveals that patients with obesity, diabetes, or hypertension require more intensive medical intervention and have longer recovery periods. The research emphasizes the need for targeted protection strategies for high-risk groups."
        },
        {
          "title": "Hospital Data Analysis",
          "url": "https://www.hopkinsmedicine.org/health/conditions-and-diseases/coronavirus/coronavirus-and-covid-19-who-is-at-higher-risk",
          "content": "Johns Hopkins analysis shows patients with chronic conditions have significantly higher rates of COVID-19 complications. The study examined thousands of cases, finding clear patterns of increased severity in those with pre-existing conditions. Data indicates that proper management of chronic conditions may help reduce risk."
        }
      ],
      "opposing_sources": [
        {
          "title": "Weight Has Nothing to Do With COVID Risk",
          "url": "https://lifestyletoday.blog/covid-myths",
          "content": "Lifestyle blog makes unsupported claims that obesity doesn't affect COVID outcomes, contradicting extensive medical research and clinical evidence. The article dismisses well-documented correlations between body mass index and disease severity."
        },
        {
          "title": "The Real Truth About COVID Risk Factors",
          "url": "https://healthfreedom.news/covid-facts",
          "content": "Alternative news site disputes mainstream medical advice about chronic condition risks, presenting misleading information that contradicts established scientific evidence. The article ignores substantial research demonstrating clear links between pre-existing conditions and COVID-19 severity."
        },
        {
          "title": "COVID Severity: What Doctors Won't Tell You",
          "url": "https://wellnesstruth.net/covid-secrets",
          "content": "Wellness site makes false claims that chronic conditions don't increase COVID-19 risk, disregarding extensive clinical data and research findings. The article promotes dangerous misinformation about disease vulnerability and risk factors."
        },
        {
          "title": "Breaking the Myths of COVID Risk Factors",
          "url": "https://alternativehealth.buzz/covid-truth",
          "content": "Health blog downplays role of pre-existing conditions without scientific basis, contradicting well-documented medical evidence about COVID-19 risk factors. The article makes unsubstantiated claims that could endanger vulnerable populations."
        },
        {
          "title": "New Theory Challenges COVID Risk Beliefs",
          "url": "https://healthrevolution.com/covid-study",
          "content": "Fringe health site questions established risk factors without credible evidence, promoting potentially harmful misinformation about COVID-19 vulnerability. The article ignores extensive research demonstrating the impact of chronic conditions on disease outcomes."
        }
      ]
    },
    {
      "claim": "Lockdown restrictions raised the risk of covid-19 infection within households",
      "veracity": true,
      "label": "support",
      "supporting_sources": [
        {
          "title": "Household Transmission Study",
          "url": "https://www.thelancet.com/journals/laninf/article/PIIS1473-3099(20)30981-6/",
          "content": "Comprehensive analysis shows increased transmission rates in households during lockdowns. Research tracked infection patterns across multiple countries, finding that prolonged close contact in confined spaces significantly increased viral spread among family members. The study highlights the importance of ventilation and protective measures within homes."
        },
        {
          "title": "COVID-19 Spread Analysis",
          "url": "https://www.nature.com/articles/s41467-020-19345-0",
          "content": "Extensive research confirms higher infection rates among family members during restrictions. Data from contact tracing efforts reveals that household transmission became the primary vector for viral spread during lockdown periods. The study emphasizes the need for specific guidelines to protect household members when one person becomes infected."
        },
        {
          "title": "Lockdown Impact Assessment",
          "url": "https://www.bmj.com/content/372/bmj.n215",
          "content": "Large-scale studies indicate increased household transmission during stay-at-home orders. Analysis of infection patterns shows that while lockdowns reduced community spread, they created conditions for more efficient viral transmission within homes. The research suggests strategies for minimizing household risk during restriction periods."
        },
        {
          "title": "COVID-19 Contact Tracing",
          "url": "https://www.cdc.gov/mmwr/volumes/69/wr/mm6944e1.htm",
          "content": "CDC evidence demonstrates most infections occurred within households during lockdowns. Detailed contact tracing data reveals that extended close contact in residential settings significantly increased transmission risk. The findings highlight the importance of isolation protocols for infected household members."
        },
        {
          "title": "Pandemic Response Analysis",
          "url": "https://www.sciencedaily.com/releases/2020/10/201023123132.htm",
          "content": "Comprehensive research confirms higher household transmission during restriction periods. Studies across multiple regions show consistent patterns of increased infection risk among cohabitating individuals during lockdowns. The analysis provides insights into effective household protection strategies."
        }
      ],
      "opposing_sources": [
        {
          "title": "Lockdowns: The Hidden Benefits",
          "url": "https://pandemicnews.site/lockdown-truth",
          "content": "Blog makes unsupported claims that lockdowns eliminated household transmission, contradicting extensive scientific evidence. The article ignores documented patterns of increased household spread during restriction periods."
        },
        {
          "title": "Stay Home, Stay Safe: The Real Story",
          "url": "https://healthfreedomdaily.net/lockdown-facts",
          "content": "Alternative news site reports zero transmission in locked-down homes without scientific basis. The article presents misleading information that contradicts well-documented research on household transmission patterns."
        },
        {
          "title": "Lockdown Success Stories They Won't Tell You",
          "url": "https://covidtruthers.com/lockdown-reality",
          "content": "Fringe site makes false claims about perfect safety record during lockdowns, disregarding substantial evidence of increased household transmission. The article promotes dangerous misinformation about infection risks."
        },
        {
          "title": "The Truth About Home Transmission",
          "url": "https://alternativefacts.health/covid-study",
          "content": "Health blog disputes household spread during lockdowns without credible evidence, contradicting extensive research and contact tracing data. The article makes unsubstantiated claims about transmission patterns."
        },
        {
          "title": "Lockdown Myths Exposed",
          "url": "https://realcovidnews.info/lockdown-expose",
          "content": "Opinion site makes false assertions about household safety during restrictions, ignoring scientific evidence of increased transmission risk. The article promotes misleading information about infection patterns in residential settings."
        }
      ]
    },
    {
      "claim": "Infected mothers risk passing the coronavirus to their newborns even when appropriate hygiene precautions are taken",
      "veracity": false,
      "label": "refute",
      "supporting_sources": [
        {
          "title": "Maternal COVID-19 Transmission",
          "url": "https://www.webmd.com/lung/news/20200514/covid19-in-pregnancy-risks-to-baby",
          "content": "Research indicates that with proper precautions, the risk of mother-to-infant transmission is extremely low. Studies of thousands of births to COVID-positive mothers show that when appropriate hygiene measures are followed, including mask-wearing, hand washing, and proper breast cleaning, transmission is rare. The data suggests that separation of mother and baby is usually unnecessary."
        },
        {
          "title": "Newborn COVID-19 Cases",
          "url": "https://www.healthline.com/health-news/what-pregnant-women-should-know-about-covid-19",
          "content": "Comprehensive analysis of global cases shows very limited instances of mother-to-child transmission when safety protocols are followed. Research across multiple hospitals and healthcare systems demonstrates that proper precautions effectively prevent viral transmission to newborns. The findings support continued mother-baby bonding with appropriate safety measures."
        },
        {
          "title": "Pregnancy and COVID-19",
          "url": "https://www.parents.com/pregnancy/complications/health-and-safety-issues/coronavirus-during-pregnancy/",
          "content": "Extensive research examining potential transmission risks to newborns finds that proper hygiene protocols are highly effective at preventing infection. Studies of maternal-infant pairs show that when recommended precautions are followed, the risk of transmission is minimal. The evidence supports maintaining mother-baby contact with appropriate safeguards."
        },
        {
          "title": "COVID-19 in Infants",
          "url": "https://www.medicalnewstoday.com/articles/covid-19-and-pregnancy",
          "content": "Large-scale studies suggest vertical transmission is extremely rare when proper precautions are taken. Research across multiple medical centers shows that hygiene measures effectively protect newborns from infection. The data indicates that mother-baby separation is rarely necessary when safety protocols are followed."
        },
        {
          "title": "Maternal Health Research",
          "url": "https://www.whattoexpect.com/news/pregnancy/coronavirus-during-pregnancy/",
          "content": "Ongoing investigation of mother-to-child transmission demonstrates the effectiveness of proper hygiene measures. Clinical data from numerous healthcare facilities shows that when appropriate precautions are taken, the risk of newborn infection is very low. The research supports maintaining mother-infant bonding with proper safety protocols."
        }
      ],
      "opposing_sources": [
        {
          "title": "The Truth About Pregnancy and COVID",
          "url": "https://motherhoodtoday.blog/covid-facts",
          "content": "Mommy blog makes unsupported claims about transmission risks, contradicting established medical evidence. The article presents misleading information about mother-to-infant transmission without scientific basis."
        },
        {
          "title": "Natural Birth in COVID Times",
          "url": "https://holisticbirth.net/covid-safety",
          "content": "Alternative birth site dismisses importance of transmission precautions, promoting potentially dangerous practices. The article ignores scientific evidence about the effectiveness of proper hygiene measures in preventing viral spread."
        },
        {
          "title": "What Big Medicine Won't Tell New Moms",
          "url": "https://pregnancytruth.com/covid-myths",
          "content": "Pregnancy blog disputes scientific evidence about transmission prevention, making unsubstantiated claims about infection risks. The article promotes misinformation that could endanger maternal and infant health."
        },
        {
          "title": "COVID and Pregnancy: Breaking News",
          "url": "https://naturalmotherhood.news/covid-study",
          "content": "Natural parenting site makes false claims about newborn safety without scientific evidence. The article ignores extensive research demonstrating the importance of proper precautions in preventing transmission."
        },
        {
          "title": "The Real Science of Maternal Transmission",
          "url": "https://alternativebirth.com/covid-research",
          "content": "Alternative health site rejects established medical guidelines about transmission prevention, promoting dangerous misinformation. The article contradicts well-documented evidence about the effectiveness of proper hygiene measures."
        }
      ]
    }
]